action_id,action_type,action_timestamp,room_id,user_id
1,skip_song,1687127841000,3,7
2,skip_song,1688195589000,2,17
3,enqueue_song,1696159040000,1,18
4,enqueue_song,1697347581000,1,6
5,leave_room,1699566640000,3,19
6,skip_song,1684650711000,1,18
7,join_room,1704799676000,2,16
8,enqueue_song,1699511110000,3,18
9,leave_room,1693560711000,3,12
10,skip_song,1709960534000,1,6
11,enqueue_song,1706884122000,1,17
12,join_room,1689977907000,2,9
13,skip_song,1702178804000,2,5
14,enqueue_song,1713936142000,3,19
15,enqueue_song,1696036063000,2,18
16,enqueue_song,1685528117000,1,12
17,skip_song,1689771950000,1,19
18,join_room,1703839465000,3,8
19,skip_song,1687706115000,3,7
20,skip_song,1688808624000,1,14
21,skip_song,1701563462000,1,7
22,join_room,1716013141000,3,7
23,skip_song,1706448359000,1,19
24,join_room,1695589890000,1,6
25,leave_room,1693813146000,2,8
26,skip_song,1703550034000,2,18
27,skip_song,1693959225000,2,3
28,join_room,1690692278000,3,16
29,join_room,1706779083000,1,3
30,skip_song,1685163005000,2,7
31,leave_room,1715781410000,2,10
32,skip_song,1699238381000,1,2
33,skip_song,1694744203000,3,2
34,leave_room,1694007771000,1,1
35,enqueue_song,1699469792000,3,3
36,join_room,1705180755000,2,13
37,skip_song,1710829229000,3,16
38,join_room,1709213567000,3,19
39,enqueue_song,1693634859000,2,3
40,skip_song,1689170867000,2,9
41,skip_song,1686466177000,2,16
42,leave_room,1685589885000,3,2
43,leave_room,1702698467000,1,9
44,enqueue_song,1688511718000,2,2
45,join_room,1685637740000,1,2
46,join_room,1690285132000,2,6
47,leave_room,1705413188000,2,11
48,enqueue_song,1704526726000,1,4
49,enqueue_song,1690831384000,2,17
50,leave_room,1685522503000,2,16
51,enqueue_song,1707674153000,2,9
52,enqueue_song,1686934588000,2,12
53,enqueue_song,1704220072000,3,14
54,skip_song,1695115575000,1,13
55,leave_room,1704814238000,1,17
56,leave_room,1688866545000,2,6
57,enqueue_song,1691275336000,1,5
58,join_room,1706084184000,1,17
59,leave_room,1712220451000,2,6
60,skip_song,1698229838000,3,3
61,enqueue_song,1685706838000,3,1
62,enqueue_song,1707756173000,2,19
63,enqueue_song,1693184023000,1,4
64,join_room,1690602492000,1,3
65,join_room,1691690719000,3,13
66,skip_song,1705092799000,3,16
67,enqueue_song,1711331505000,2,6
68,skip_song,1691515615000,1,8
69,skip_song,1692361651000,1,8
70,skip_song,1695272291000,3,10
71,join_room,1699237588000,3,2
72,skip_song,1710467753000,2,15
73,skip_song,1688713844000,1,5
74,enqueue_song,1715020653000,2,18
75,leave_room,1713179252000,2,19
76,join_room,1684880562000,2,2
77,leave_room,1707762376000,2,4
78,skip_song,1699089643000,1,4
79,enqueue_song,1706063784000,2,16
80,leave_room,1715819707000,3,6
81,enqueue_song,1708516290000,1,18
82,leave_room,1711689417000,3,1
83,leave_room,1707194215000,3,14
84,leave_room,1702994407000,1,8
85,enqueue_song,1711724576000,1,12
86,join_room,1711215814000,3,2
87,join_room,1695750448000,1,12
88,skip_song,1705089745000,3,4
89,leave_room,1696897661000,1,6
90,join_room,1700599166000,3,18
91,enqueue_song,1712961031000,3,18
92,skip_song,1688098758000,1,9
93,join_room,1697343592000,2,14
94,leave_room,1696421641000,1,3
95,leave_room,1708589390000,3,18
96,join_room,1700183726000,1,7
97,enqueue_song,1697233094000,2,8
98,skip_song,1687283879000,2,10
99,enqueue_song,1715440349000,1,19
100,skip_song,1709607309000,2,7
101,join_room,1699707735000,1,19
102,enqueue_song,1710647833000,3,12
103,enqueue_song,1693551062000,1,15
104,leave_room,1707065519000,3,7
105,leave_room,1694242037000,2,3
106,join_room,1714700890000,2,19
107,join_room,1695106965000,2,6
108,skip_song,1707014222000,1,16
109,skip_song,1708980604000,2,6
110,join_room,1704070340000,2,19
111,skip_song,1688201384000,1,5
112,leave_room,1686225100000,3,13
113,leave_room,1694690846000,2,11
114,skip_song,1685005949000,2,11
115,skip_song,1692305495000,1,7
116,skip_song,1689279149000,3,13
117,enqueue_song,1704459437000,2,18
118,join_room,1708115603000,3,16
119,join_room,1693389020000,2,12
120,enqueue_song,1685803560000,1,11
121,join_room,1690681873000,2,7
122,skip_song,1685219485000,3,7
123,enqueue_song,1698263968000,2,18
124,enqueue_song,1687632991000,3,2
125,leave_room,1704734487000,2,13
126,leave_room,1688952050000,1,3
127,join_room,1687372988000,2,2
128,leave_room,1687080017000,2,14
129,join_room,1698546654000,3,2
130,enqueue_song,1705096120000,3,9
131,leave_room,1688739955000,3,8
132,enqueue_song,1709363372000,2,16
133,leave_room,1699206887000,3,11
134,join_room,1707926497000,3,19
135,enqueue_song,1702892650000,3,9
136,leave_room,1704528172000,3,15
137,join_room,1713185428000,3,6
138,enqueue_song,1704564771000,3,7
139,enqueue_song,1693922518000,3,19
140,leave_room,1712170889000,1,7
141,leave_room,1695096644000,2,6
142,join_room,1686315119000,1,7
143,enqueue_song,1692941944000,3,15
144,leave_room,1702848535000,3,7
145,join_room,1684697881000,3,3
146,skip_song,1693946576000,2,4
147,leave_room,1684916554000,1,12
148,enqueue_song,1708990224000,2,16
149,skip_song,1705576002000,3,1
150,leave_room,1709326690000,3,13
151,join_room,1692493661000,1,2
152,leave_room,1687109492000,3,15
153,join_room,1701532800000,2,16
154,leave_room,1689433784000,2,14
155,enqueue_song,1693764423000,3,9
156,leave_room,1688607843000,3,8
157,leave_room,1705158159000,2,17
158,join_room,1697343275000,3,13
159,leave_room,1694728352000,3,3
160,join_room,1701344122000,2,11
161,skip_song,1708231785000,3,3
162,join_room,1704861584000,2,18
163,enqueue_song,1685043084000,3,17
164,skip_song,1686502211000,3,1
165,leave_room,1698238883000,1,14
166,enqueue_song,1696568520000,1,4
167,enqueue_song,1700776468000,3,4
168,skip_song,1689969811000,2,16
169,skip_song,1694543325000,1,18
170,join_room,1691561377000,3,11
171,leave_room,1715934059000,2,9
172,enqueue_song,1690510859000,2,5
173,leave_room,1689624886000,2,16
174,enqueue_song,1712538404000,3,12
175,skip_song,1689087614000,2,1
176,leave_room,1711292042000,1,18
177,join_room,1694441820000,2,16
178,skip_song,1692529339000,1,8
179,leave_room,1692317123000,2,17
180,enqueue_song,1699737648000,3,10
181,enqueue_song,1694274549000,2,10
182,join_room,1692907938000,1,14
183,skip_song,1684619552000,2,14
184,join_room,1712619077000,3,13
185,join_room,1702194584000,1,16
186,skip_song,1702361480000,2,2
187,leave_room,1685939921000,2,12
188,leave_room,1700215641000,1,11
189,join_room,1693039551000,1,9
190,skip_song,1715558630000,3,17
191,leave_room,1711751635000,2,18
192,enqueue_song,1696668072000,3,13
193,skip_song,1696158188000,3,6
194,join_room,1707479456000,2,12
195,skip_song,1703193658000,1,2
196,skip_song,1712284999000,2,19
197,enqueue_song,1714538761000,2,12
198,skip_song,1699727429000,1,2
199,leave_room,1698076783000,2,13
200,skip_song,1687555725000,3,8
201,enqueue_song,1703796597000,2,19
202,enqueue_song,1715178382000,2,1
203,skip_song,1700211596000,2,13
204,skip_song,1693729972000,2,2
205,join_room,1690034768000,1,15
206,join_room,1711500525000,3,12
207,join_room,1713170593000,1,14
208,leave_room,1692246353000,1,16
209,enqueue_song,1715393313000,2,16
210,enqueue_song,1707087389000,1,11
211,enqueue_song,1714662321000,2,1
212,leave_room,1702867793000,3,15
213,join_room,1694186015000,2,14
214,skip_song,1702775691000,2,10
215,enqueue_song,1689646154000,2,14
216,join_room,1704048727000,2,6
217,join_room,1687854421000,2,3
218,leave_room,1692910862000,3,17
219,skip_song,1713608357000,3,9
220,skip_song,1699429647000,3,12
221,join_room,1693146924000,1,2
222,join_room,1715271683000,1,10
223,join_room,1695611970000,2,13
224,leave_room,1685551304000,1,9
225,leave_room,1695518048000,2,9
226,leave_room,1705630572000,1,18
227,skip_song,1700178279000,2,19
228,enqueue_song,1696288095000,3,10
229,enqueue_song,1715223031000,3,17
230,skip_song,1714408667000,3,7
231,skip_song,1685720199000,1,2
232,enqueue_song,1700907871000,2,13
233,join_room,1693039533000,2,19
234,leave_room,1710422192000,3,11
235,skip_song,1711831874000,3,2
236,join_room,1702670159000,2,1
237,leave_room,1714059997000,3,15
238,skip_song,1715263047000,3,7
239,join_room,1715315169000,2,15
240,join_room,1688228398000,3,19
241,join_room,1693508258000,3,15
242,skip_song,1700799237000,2,12
243,join_room,1701383863000,3,13
244,skip_song,1700802722000,1,19
245,join_room,1712799504000,2,3
246,join_room,1704864035000,2,3
247,skip_song,1695715149000,2,5
248,join_room,1702184505000,2,16
249,enqueue_song,1698055770000,3,1
250,enqueue_song,1691780368000,1,7
251,skip_song,1686872891000,2,15
252,join_room,1693744354000,1,16
253,join_room,1689943774000,1,4
254,join_room,1696934825000,2,5
255,leave_room,1696544856000,2,17
256,skip_song,1703886342000,1,14
257,join_room,1693672103000,1,13
258,leave_room,1691042365000,1,1
259,join_room,1714926476000,3,1
260,join_room,1710747195000,2,15
261,skip_song,1693345254000,1,1
262,skip_song,1714333903000,1,7
263,enqueue_song,1690167327000,1,18
264,skip_song,1702122612000,3,15
265,join_room,1698026170000,2,6
266,enqueue_song,1708847056000,1,12
267,leave_room,1713961623000,2,6
268,leave_room,1690070325000,3,19
269,enqueue_song,1704828414000,2,2
270,leave_room,1708718072000,2,7
271,leave_room,1689990447000,1,12
272,skip_song,1711428771000,2,12
273,leave_room,1702883357000,1,7
274,leave_room,1708304647000,3,8
275,skip_song,1685686929000,1,11
276,join_room,1699520649000,3,10
277,join_room,1705702515000,1,17
278,skip_song,1713189983000,3,3
279,skip_song,1693078147000,1,16
280,leave_room,1713432363000,1,9
281,skip_song,1693596352000,1,14
282,enqueue_song,1706765252000,1,16
283,enqueue_song,1700209645000,1,11
284,skip_song,1692818983000,3,12
285,skip_song,1688536161000,1,8
286,leave_room,1715824370000,2,10
287,skip_song,1707583171000,3,7
288,skip_song,1710951006000,1,6
289,join_room,1707583244000,3,13
290,enqueue_song,1715909927000,2,3
291,enqueue_song,1710834360000,3,9
292,enqueue_song,1689017969000,1,4
293,join_room,1692659448000,3,5
294,enqueue_song,1704527335000,3,10
295,join_room,1716153067000,2,3
296,enqueue_song,1699029054000,2,17
297,join_room,1709192618000,1,17
298,join_room,1704552777000,3,16
299,enqueue_song,1715706992000,2,17
300,join_room,1705119560000,1,17
301,enqueue_song,1689519056000,3,13
302,leave_room,1711617132000,2,8
303,join_room,1704938190000,3,19
304,leave_room,1704948214000,3,14
305,join_room,1695387974000,1,2
306,skip_song,1713622200000,3,17
307,leave_room,1687494968000,1,17
308,skip_song,1685931806000,3,11
309,leave_room,1687742100000,1,18
310,enqueue_song,1688149113000,3,9
311,leave_room,1691582964000,1,13
312,leave_room,1709817301000,2,1
313,skip_song,1684969600000,3,6
314,join_room,1695292152000,3,3
315,skip_song,1711742214000,3,4
316,join_room,1699582026000,2,10
317,skip_song,1693617775000,1,3
318,join_room,1709671115000,1,14
319,skip_song,1688540126000,3,8
320,leave_room,1696725197000,1,19
321,enqueue_song,1710480158000,2,15
322,enqueue_song,1712634535000,1,1
323,enqueue_song,1694598443000,3,11
324,skip_song,1684689938000,2,18
325,enqueue_song,1709963961000,1,13
326,skip_song,1706910832000,2,1
327,skip_song,1714672052000,3,7
328,skip_song,1688474920000,2,13
329,join_room,1707048976000,3,9
330,enqueue_song,1708931934000,1,12
331,leave_room,1685585380000,1,13
332,enqueue_song,1702301946000,2,11
333,join_room,1699461816000,2,8
334,skip_song,1693562761000,3,14
335,skip_song,1687451419000,3,12
336,join_room,1691975734000,2,18
337,skip_song,1708897099000,3,2
338,skip_song,1712149318000,2,19
339,join_room,1699877780000,1,18
340,leave_room,1703274441000,2,18
341,join_room,1696998512000,3,17
342,skip_song,1709329830000,1,19
343,enqueue_song,1694210845000,1,8
344,enqueue_song,1689800969000,1,5
345,leave_room,1701316721000,1,17
346,leave_room,1697250098000,2,15
347,skip_song,1707958204000,2,2
348,enqueue_song,1706575974000,3,3
349,enqueue_song,1711360008000,2,3
350,join_room,1704884194000,1,14
351,join_room,1691380696000,1,16
352,skip_song,1684797456000,3,19
353,join_room,1712865995000,3,8
354,skip_song,1699472163000,1,11
355,leave_room,1705473304000,2,15
356,join_room,1712208301000,1,3
357,enqueue_song,1706401169000,3,8
358,enqueue_song,1698948566000,3,11
359,skip_song,1704330001000,1,17
360,leave_room,1709099697000,2,15
361,join_room,1697582584000,2,11
362,join_room,1690922317000,3,16
363,leave_room,1713156944000,3,19
364,enqueue_song,1704430101000,3,19
365,skip_song,1703275601000,3,11
366,enqueue_song,1688575204000,3,15
367,leave_room,1695285434000,3,13
368,skip_song,1691607862000,3,3
369,leave_room,1715450820000,1,2
370,leave_room,1703591492000,2,19
371,skip_song,1691099752000,2,5
372,leave_room,1695473122000,3,9
373,join_room,1701741908000,2,19
374,leave_room,1707090190000,2,14
375,join_room,1691259796000,2,5
376,join_room,1702020317000,3,16
377,leave_room,1715088602000,3,7
378,skip_song,1713716420000,3,11
379,join_room,1713913509000,2,17
380,skip_song,1704915464000,1,5
381,join_room,1696876641000,2,10
382,leave_room,1711349947000,3,1
383,join_room,1692372715000,2,18
384,enqueue_song,1706047203000,2,15
385,leave_room,1698757975000,1,2
386,join_room,1697640705000,3,10
387,join_room,1697943009000,2,19
388,join_room,1702796425000,3,4
389,join_room,1714113378000,3,7
390,leave_room,1713092848000,3,12
391,leave_room,1703929694000,2,2
392,enqueue_song,1686222090000,1,3
393,leave_room,1698503778000,2,3
394,skip_song,1691071420000,3,5
395,enqueue_song,1692694701000,3,13
396,enqueue_song,1701392987000,1,19
397,leave_room,1690360182000,3,19
398,enqueue_song,1685997961000,2,19
399,leave_room,1688072036000,2,2
400,leave_room,1696626221000,3,7
401,join_room,1697538183000,3,9
402,skip_song,1715228143000,1,8
403,join_room,1687859981000,1,7
404,leave_room,1706947338000,3,3
405,leave_room,1691664448000,2,2
406,leave_room,1692923717000,2,7
407,enqueue_song,1713943548000,1,11
408,join_room,1705582320000,2,9
409,leave_room,1691737624000,3,9
410,skip_song,1699985491000,3,10
411,enqueue_song,1696048027000,2,7
412,skip_song,1695317957000,3,1
413,enqueue_song,1705337221000,2,1
414,join_room,1687575046000,2,5
415,join_room,1702953638000,1,16
416,leave_room,1711031617000,3,4
417,join_room,1704659384000,2,18
418,enqueue_song,1713371467000,1,11
419,leave_room,1711137856000,1,14
420,enqueue_song,1689322469000,1,5
421,enqueue_song,1702976224000,3,16
422,join_room,1685152433000,3,5
423,leave_room,1699263233000,3,1
424,enqueue_song,1688927665000,2,3
425,leave_room,1698163756000,3,8
426,join_room,1690206972000,1,2
427,enqueue_song,1700105646000,1,7
428,leave_room,1691197506000,3,7
429,leave_room,1707084046000,3,13
430,leave_room,1704746423000,3,18
431,leave_room,1695336985000,3,6
432,enqueue_song,1688934608000,2,7
433,join_room,1689560558000,1,10
434,join_room,1712221697000,1,8
435,join_room,1706266764000,3,19
436,leave_room,1703798666000,3,13
437,skip_song,1686634479000,1,17
438,skip_song,1711494158000,3,8
439,leave_room,1687685531000,2,14
440,skip_song,1703317943000,3,8
441,leave_room,1686453211000,3,12
442,enqueue_song,1703590892000,2,19
443,enqueue_song,1703190140000,3,4
444,enqueue_song,1709309384000,1,8
445,enqueue_song,1700590748000,1,15
446,leave_room,1707790897000,3,3
447,enqueue_song,1699264021000,3,14
448,enqueue_song,1698996576000,3,8
449,leave_room,1704903780000,2,17
450,enqueue_song,1693324068000,1,10
451,join_room,1687988234000,3,11
452,leave_room,1703043893000,2,7
453,join_room,1710934323000,1,11
454,enqueue_song,1703570982000,2,18
455,join_room,1694542373000,1,15
456,skip_song,1707459853000,2,5
457,skip_song,1715808475000,1,15
458,join_room,1686866746000,3,6
459,enqueue_song,1686366458000,1,18
460,join_room,1716093346000,3,8
461,skip_song,1707061580000,2,14
462,skip_song,1691428295000,3,5
463,join_room,1713374090000,3,18
464,skip_song,1694950527000,1,13
465,enqueue_song,1695752702000,3,5
466,enqueue_song,1714376711000,1,19
467,leave_room,1695909195000,3,2
468,join_room,1694446960000,1,13
469,join_room,1698681945000,2,18
470,skip_song,1688097287000,2,18
471,skip_song,1713087673000,2,10
472,leave_room,1692776163000,3,3
473,join_room,1711872149000,3,3
474,join_room,1708620752000,2,10
475,skip_song,1684635735000,2,17
476,enqueue_song,1707040329000,3,19
477,leave_room,1699071720000,2,1
478,leave_room,1700194946000,2,5
479,leave_room,1705648943000,3,6
480,leave_room,1698248065000,1,9
481,join_room,1699740331000,3,19
482,enqueue_song,1707012849000,1,9
483,enqueue_song,1703092726000,3,13
484,enqueue_song,1689295522000,1,11
485,join_room,1684938996000,3,9
486,leave_room,1690228597000,1,8
487,enqueue_song,1702424128000,3,10
488,join_room,1696151210000,2,19
489,enqueue_song,1690699718000,3,11
490,leave_room,1707395622000,3,2
491,enqueue_song,1692051249000,1,12
492,leave_room,1715874127000,3,3
493,leave_room,1689218068000,1,19
494,enqueue_song,1715609212000,2,15
495,leave_room,1698082340000,1,11
496,join_room,1708056676000,1,11
497,leave_room,1707651869000,2,12
498,skip_song,1703409079000,1,6
499,leave_room,1709497523000,2,16
500,join_room,1709615686000,1,5
501,skip_song,1701420720000,1,16
502,join_room,1705528382000,1,12
503,enqueue_song,1684705548000,1,3
504,leave_room,1698425390000,1,17
505,leave_room,1701580724000,3,6
506,enqueue_song,1713185146000,3,18
507,skip_song,1698914885000,1,10
508,skip_song,1696936738000,3,19
509,skip_song,1689198694000,1,17
510,enqueue_song,1705110601000,1,3
511,skip_song,1685600650000,1,15
512,skip_song,1704863572000,1,11
513,skip_song,1708515516000,2,16
514,skip_song,1686061844000,3,15
515,skip_song,1701183899000,1,19
516,join_room,1696715526000,2,14
517,enqueue_song,1697864538000,1,5
518,enqueue_song,1702488911000,3,3
519,leave_room,1684547505000,2,6
520,join_room,1707258497000,2,5
521,join_room,1708739936000,3,17
522,skip_song,1685243870000,1,5
523,enqueue_song,1701682254000,3,4
524,leave_room,1694496268000,2,1
525,leave_room,1699065445000,1,11
526,skip_song,1692998578000,2,1
527,leave_room,1694990644000,3,6
528,skip_song,1712236386000,3,14
529,enqueue_song,1693942122000,3,10
530,enqueue_song,1711487704000,1,5
531,enqueue_song,1700088382000,3,18
532,leave_room,1709041002000,3,1
533,join_room,1708585084000,3,12
534,leave_room,1705026508000,2,18
535,enqueue_song,1705740721000,3,1
536,skip_song,1708567004000,2,10
537,leave_room,1698524569000,1,9
538,enqueue_song,1700622893000,3,3
539,enqueue_song,1685689178000,1,3
540,leave_room,1696782921000,1,14
541,enqueue_song,1687603182000,3,8
542,skip_song,1707096803000,2,3
543,leave_room,1703440238000,2,1
544,join_room,1692636923000,1,14
545,join_room,1712637593000,1,17
546,enqueue_song,1685430761000,2,12
547,skip_song,1711185863000,3,10
548,leave_room,1694632742000,2,13
549,enqueue_song,1714459998000,1,19
550,join_room,1691803142000,3,16
551,enqueue_song,1702850810000,2,9
552,join_room,1715920456000,3,16
553,join_room,1715886318000,3,14
554,skip_song,1688586755000,3,13
555,join_room,1699843481000,2,10
556,skip_song,1715456623000,2,10
557,leave_room,1686166588000,2,18
558,skip_song,1714540212000,2,8
559,leave_room,1703307452000,1,3
560,leave_room,1704770632000,3,4
561,join_room,1695373209000,3,2
562,enqueue_song,1694323172000,2,11
563,skip_song,1712965169000,1,7
564,join_room,1713331496000,2,14
565,enqueue_song,1694887346000,2,17
566,skip_song,1699524842000,1,5
567,join_room,1701005751000,2,4
568,leave_room,1694830918000,1,5
569,enqueue_song,1693669893000,2,11
570,leave_room,1698911070000,3,11
571,skip_song,1688659316000,2,5
572,skip_song,1694162787000,3,3
573,leave_room,1688499505000,3,15
574,skip_song,1704105152000,2,15
575,join_room,1694636807000,2,5
576,skip_song,1693817003000,2,7
577,join_room,1685074767000,3,5
578,join_room,1685728458000,3,18
579,join_room,1705537651000,1,14
580,enqueue_song,1687870643000,1,13
581,join_room,1705622872000,1,1
582,enqueue_song,1693973203000,1,15
583,enqueue_song,1690121692000,1,7
584,join_room,1708649503000,1,18
585,leave_room,1705241765000,1,19
586,skip_song,1702469469000,2,10
587,skip_song,1697455569000,1,15
588,skip_song,1701390898000,2,5
589,leave_room,1690505879000,1,17
590,join_room,1690504815000,1,17
591,enqueue_song,1699932869000,3,12
592,enqueue_song,1705578956000,2,13
593,enqueue_song,1704684003000,3,15
594,leave_room,1701909232000,2,1
595,leave_room,1686203605000,2,7
596,join_room,1706687404000,1,10
597,skip_song,1710004122000,2,17
598,leave_room,1701591472000,3,6
599,join_room,1689474937000,2,17
600,enqueue_song,1710373578000,3,3
601,enqueue_song,1712493554000,1,8
602,leave_room,1702163651000,2,19
603,enqueue_song,1698907797000,3,16
604,join_room,1696371076000,1,6
605,skip_song,1709208740000,2,5
606,leave_room,1685523880000,3,17
607,skip_song,1706453307000,1,6
608,skip_song,1709254974000,3,19
609,skip_song,1695850458000,1,4
610,skip_song,1702349024000,3,3
611,skip_song,1706949889000,1,12
612,leave_room,1701666373000,1,4
613,skip_song,1695476083000,3,13
614,join_room,1692261901000,1,14
615,join_room,1695610622000,1,10
616,skip_song,1708717281000,1,19
617,leave_room,1699434470000,1,18
618,enqueue_song,1686587149000,1,6
619,leave_room,1688527295000,3,17
620,leave_room,1715685974000,3,6
621,skip_song,1685965298000,1,16
622,skip_song,1710145165000,3,2
623,enqueue_song,1690345835000,2,18
624,leave_room,1703162145000,3,12
625,join_room,1699804455000,1,13
626,join_room,1689329237000,1,5
627,enqueue_song,1696245819000,1,13
628,skip_song,1684840594000,3,6
629,enqueue_song,1710821702000,2,12
630,skip_song,1706879441000,3,7
631,leave_room,1707593131000,1,7
632,join_room,1712265313000,3,10
633,skip_song,1710678692000,1,12
634,leave_room,1707091709000,3,11
635,enqueue_song,1702649718000,1,14
636,enqueue_song,1698796661000,2,18
637,enqueue_song,1701772589000,2,12
638,leave_room,1701055691000,2,3
639,skip_song,1702742483000,2,6
640,join_room,1688777780000,1,19
641,enqueue_song,1694618553000,1,9
642,enqueue_song,1708865565000,2,6
643,leave_room,1715892287000,1,10
644,join_room,1693288413000,1,17
645,leave_room,1691684718000,3,9
646,leave_room,1704467140000,1,7
647,skip_song,1707956845000,3,11
648,enqueue_song,1684790386000,2,4
649,skip_song,1688210982000,3,3
650,skip_song,1696856313000,1,7
651,enqueue_song,1709733102000,3,18
652,join_room,1690436605000,3,8
653,leave_room,1696117292000,3,5
654,enqueue_song,1697236770000,2,11
655,leave_room,1690808140000,2,18
656,skip_song,1697510688000,1,11
657,join_room,1714104114000,2,3
658,leave_room,1715602058000,3,10
659,enqueue_song,1685014122000,1,12
660,join_room,1705722656000,2,19
661,enqueue_song,1695593644000,1,1
662,skip_song,1711631209000,1,5
663,enqueue_song,1713256153000,1,7
664,leave_room,1687816233000,1,11
665,skip_song,1701812680000,2,12
666,join_room,1685957880000,1,2
667,join_room,1692345342000,1,3
668,join_room,1706511042000,3,5
669,skip_song,1701887371000,1,11
670,enqueue_song,1712544254000,3,9
671,enqueue_song,1704715711000,3,18
672,skip_song,1701239713000,1,11
673,enqueue_song,1697833954000,2,6
674,leave_room,1712942875000,3,11
675,leave_room,1695029768000,2,19
676,leave_room,1715609202000,3,14
677,leave_room,1694561410000,1,16
678,skip_song,1693708062000,1,14
679,leave_room,1701030852000,3,1
680,leave_room,1700122941000,3,4
681,leave_room,1684543590000,3,17
682,join_room,1688148843000,3,15
683,leave_room,1706411641000,1,3
684,leave_room,1712621101000,1,7
685,skip_song,1706590145000,1,8
686,skip_song,1696489370000,3,18
687,leave_room,1695580039000,3,19
688,leave_room,1702667434000,2,18
689,enqueue_song,1689819843000,2,10
690,skip_song,1710217535000,1,11
691,join_room,1687186247000,1,10
692,enqueue_song,1702790877000,2,9
693,enqueue_song,1709089448000,2,5
694,enqueue_song,1709183759000,3,8
695,join_room,1692473515000,3,1
696,skip_song,1696313990000,3,2
697,leave_room,1690927441000,3,2
698,leave_room,1687248759000,2,18
699,leave_room,1695178181000,3,8
700,join_room,1715481261000,2,1
701,enqueue_song,1688710872000,2,6
702,enqueue_song,1696171425000,1,19
703,enqueue_song,1691597571000,1,8
704,join_room,1695018554000,1,13
705,enqueue_song,1686032150000,2,1
706,join_room,1686429540000,2,12
707,skip_song,1706433347000,3,1
708,enqueue_song,1693998337000,2,2
709,skip_song,1690727994000,2,14
710,skip_song,1713980144000,3,18
711,enqueue_song,1700192285000,1,14
712,join_room,1689010691000,3,15
713,leave_room,1699013413000,3,9
714,enqueue_song,1705953271000,3,5
715,skip_song,1708122354000,1,13
716,enqueue_song,1701784384000,2,8
717,enqueue_song,1704943717000,1,18
718,join_room,1708516632000,2,18
719,skip_song,1685024913000,1,12
720,skip_song,1686938145000,1,1
721,skip_song,1697434370000,3,5
722,skip_song,1692135406000,1,3
723,join_room,1698511365000,1,11
724,leave_room,1711303210000,2,3
725,leave_room,1687432250000,3,16
726,skip_song,1692546118000,2,17
727,join_room,1690192107000,3,6
728,skip_song,1713618160000,1,18
729,leave_room,1707397834000,2,13
730,leave_room,1708914847000,2,2
731,skip_song,1707663806000,3,12
732,skip_song,1685824995000,1,4
733,leave_room,1701470494000,2,2
734,leave_room,1705126882000,3,8
735,leave_room,1696457321000,1,4
736,join_room,1700111581000,2,5
737,skip_song,1711509795000,3,9
738,skip_song,1701094604000,1,11
739,join_room,1710262455000,1,15
740,join_room,1686938334000,2,2
741,skip_song,1712808639000,3,10
742,join_room,1693021648000,3,5
743,join_room,1705775997000,1,4
744,skip_song,1692031372000,3,17
745,leave_room,1705147927000,3,5
746,skip_song,1694535044000,1,6
747,leave_room,1707631510000,3,5
748,leave_room,1696775017000,2,6
749,skip_song,1707355464000,2,17
750,skip_song,1687105175000,3,6
751,enqueue_song,1708297231000,1,15
752,leave_room,1700247133000,1,10
753,enqueue_song,1713715199000,1,9
754,join_room,1701152379000,1,3
755,skip_song,1692061460000,3,8
756,join_room,1695066149000,1,18
757,skip_song,1685836087000,2,6
758,join_room,1697495256000,2,16
759,enqueue_song,1690378946000,2,11
760,leave_room,1690411714000,2,16
761,enqueue_song,1702103354000,2,15
762,skip_song,1715415270000,1,15
763,skip_song,1685321594000,3,2
764,leave_room,1709279336000,2,10
765,enqueue_song,1708298739000,3,15
766,skip_song,1693173549000,2,11
767,leave_room,1705707974000,3,4
768,leave_room,1702666833000,3,13
769,skip_song,1697929314000,1,3
770,join_room,1692531763000,3,5
771,enqueue_song,1696599999000,1,1
772,join_room,1715133353000,2,16
773,leave_room,1711471077000,1,12
774,skip_song,1710733325000,2,11
775,skip_song,1711525769000,1,17
776,enqueue_song,1715375939000,2,9
777,leave_room,1712749090000,1,4
778,skip_song,1704047274000,2,4
779,join_room,1714470349000,1,10
780,enqueue_song,1712607124000,1,7
781,skip_song,1716105075000,1,3
782,enqueue_song,1713548968000,3,13
783,join_room,1701744518000,2,3
784,skip_song,1711792565000,1,10
785,join_room,1690635087000,2,14
786,enqueue_song,1715703994000,1,12
787,leave_room,1688336598000,3,6
788,enqueue_song,1697236106000,2,5
789,leave_room,1686379896000,3,18
790,enqueue_song,1714603849000,3,19
791,skip_song,1707412842000,2,7
792,skip_song,1692100447000,3,4
793,leave_room,1708081489000,2,18
794,skip_song,1695779386000,2,13
795,skip_song,1696046155000,2,6
796,enqueue_song,1704622420000,2,5
797,join_room,1690018798000,3,1
798,skip_song,1696096245000,3,18
799,join_room,1701373357000,3,10
800,skip_song,1700720256000,3,19
801,join_room,1709622069000,2,6
802,skip_song,1690495150000,3,7
803,join_room,1709462045000,3,11
804,leave_room,1702847059000,3,12
805,join_room,1695640475000,2,17
806,skip_song,1700160206000,1,10
807,leave_room,1706286666000,3,2
808,skip_song,1697303067000,3,13
809,leave_room,1689701689000,1,1
810,leave_room,1706824498000,3,17
811,join_room,1712241677000,3,3
812,skip_song,1713144559000,1,10
813,skip_song,1703610298000,3,18
814,leave_room,1703652800000,3,12
815,join_room,1710037942000,1,2
816,join_room,1686942572000,3,7
817,skip_song,1688918941000,3,7
818,enqueue_song,1700484392000,3,19
819,skip_song,1693520222000,3,18
820,join_room,1698462827000,2,9
821,skip_song,1712217027000,3,12
822,leave_room,1708284290000,3,4
823,skip_song,1697581110000,1,7
824,leave_room,1711660936000,3,11
825,skip_song,1705197808000,2,10
826,join_room,1703777680000,1,4
827,skip_song,1710248697000,2,18
828,leave_room,1689688009000,1,11
829,skip_song,1713987207000,1,7
830,enqueue_song,1694628282000,1,8
831,join_room,1691004876000,1,14
832,skip_song,1706987674000,1,18
833,leave_room,1703109573000,3,12
834,join_room,1697769860000,3,11
835,leave_room,1687757141000,1,13
836,skip_song,1707537917000,1,11
837,leave_room,1703395177000,1,13
838,skip_song,1710466185000,1,5
839,enqueue_song,1691771350000,1,10
840,skip_song,1701588407000,1,13
841,join_room,1715620080000,2,8
842,skip_song,1707194697000,3,6
843,enqueue_song,1700583641000,3,18
844,skip_song,1695899599000,3,8
845,leave_room,1709615911000,1,11
846,join_room,1703720502000,1,3
847,leave_room,1694276369000,3,12
848,join_room,1704623282000,3,6
849,enqueue_song,1696385909000,3,1
850,skip_song,1687984079000,3,4
851,leave_room,1713306095000,1,1
852,enqueue_song,1702538665000,1,10
853,enqueue_song,1698375033000,1,16
854,enqueue_song,1698935365000,1,5
855,join_room,1708506096000,1,2
856,leave_room,1689547269000,2,8
857,enqueue_song,1713731755000,3,8
858,leave_room,1705345491000,1,3
859,enqueue_song,1699115149000,2,4
860,leave_room,1694155012000,2,18
861,join_room,1704002532000,2,18
862,enqueue_song,1709555395000,1,11
863,join_room,1705526320000,2,17
864,join_room,1706849647000,3,6
865,skip_song,1687901768000,2,8
866,enqueue_song,1709963609000,1,5
867,leave_room,1711806409000,3,10
868,join_room,1698243598000,1,6
869,enqueue_song,1710265790000,2,13
870,join_room,1698516824000,1,18
871,join_room,1691937305000,1,10
872,leave_room,1692157589000,3,18
873,enqueue_song,1693078827000,2,5
874,leave_room,1694658653000,3,10
875,leave_room,1692192589000,2,12
876,enqueue_song,1686146999000,2,13
877,join_room,1696582288000,2,12
878,leave_room,1709409864000,1,18
879,leave_room,1709486721000,1,4
880,leave_room,1706952406000,3,10
881,leave_room,1686051994000,1,11
882,skip_song,1709882909000,3,13
883,skip_song,1713992988000,3,17
884,enqueue_song,1691399541000,2,11
885,leave_room,1692365475000,3,8
886,skip_song,1687502924000,2,1
887,leave_room,1706687976000,1,14
888,leave_room,1695308004000,2,18
889,join_room,1710597276000,2,12
890,enqueue_song,1708057882000,3,11
891,leave_room,1711169345000,2,6
892,enqueue_song,1710286776000,1,3
893,skip_song,1704755497000,1,18
894,join_room,1692391841000,2,11
895,leave_room,1703790810000,3,17
896,leave_room,1699487627000,2,10
897,enqueue_song,1715152357000,3,9
898,join_room,1685930065000,1,8
899,join_room,1706660090000,1,11
900,skip_song,1706791674000,3,1
901,join_room,1714895020000,3,15
902,enqueue_song,1705072522000,2,15
903,skip_song,1691228846000,3,3
904,enqueue_song,1696390247000,3,15
905,skip_song,1703566853000,1,17
906,skip_song,1698880800000,1,12
907,enqueue_song,1692423702000,2,12
908,enqueue_song,1715056042000,2,11
909,skip_song,1702765335000,1,17
910,join_room,1701862738000,2,10
911,enqueue_song,1715471722000,3,4
912,leave_room,1690834888000,2,17
913,join_room,1689761388000,2,11
914,leave_room,1687837036000,2,7
915,leave_room,1705967069000,2,4
916,leave_room,1702145162000,3,4
917,enqueue_song,1698104785000,2,3
918,leave_room,1712012606000,2,2
919,enqueue_song,1709848910000,1,2
920,leave_room,1704508219000,1,16
921,join_room,1708996695000,3,11
922,enqueue_song,1703363710000,1,18
923,leave_room,1707966710000,1,1
924,leave_room,1692926839000,3,7
925,skip_song,1691716411000,2,2
926,leave_room,1695954399000,3,4
927,join_room,1700190287000,1,7
928,join_room,1692226661000,3,17
929,skip_song,1714761447000,2,3
930,enqueue_song,1703197413000,2,2
931,skip_song,1689833683000,2,2
932,leave_room,1705565246000,3,11
933,enqueue_song,1703435037000,1,19
934,join_room,1706223483000,1,7
935,join_room,1709164030000,1,12
936,leave_room,1715505365000,3,11
937,join_room,1702717757000,2,12
938,skip_song,1685164016000,3,14
939,skip_song,1709305348000,3,13
940,join_room,1712842600000,1,7
941,leave_room,1699790935000,1,11
942,join_room,1685827692000,1,3
943,enqueue_song,1705660765000,3,4
944,enqueue_song,1702288821000,3,2
945,enqueue_song,1710820591000,3,3
946,skip_song,1712057198000,2,1
947,skip_song,1708993336000,2,17
948,join_room,1706314714000,1,8
949,leave_room,1688074215000,2,6
950,join_room,1704888116000,1,8
951,skip_song,1698575363000,2,16
952,skip_song,1709985205000,2,19
953,enqueue_song,1702890243000,3,10
954,join_room,1700455508000,3,3
955,enqueue_song,1706023396000,1,6
956,leave_room,1696042826000,2,14
957,leave_room,1688254888000,1,19
958,join_room,1709635518000,2,9
959,enqueue_song,1712444971000,3,10
960,join_room,1708092456000,1,7
961,enqueue_song,1691133497000,3,9
962,join_room,1690657534000,3,5
963,enqueue_song,1687539515000,3,7
964,leave_room,1698697738000,2,15
965,skip_song,1699450395000,3,9
966,skip_song,1715949773000,3,14
967,enqueue_song,1690307276000,2,12
968,join_room,1708139077000,3,9
969,enqueue_song,1691239726000,1,16
970,leave_room,1709779532000,1,1
971,join_room,1708181969000,3,15
972,join_room,1709538884000,1,3
973,leave_room,1704822033000,1,2
974,join_room,1712531436000,3,16
975,leave_room,1702043440000,2,17
976,join_room,1698412107000,1,19
977,enqueue_song,1701602600000,3,19
978,skip_song,1691392128000,2,10
979,enqueue_song,1705685792000,1,7
980,join_room,1714939792000,1,14
981,leave_room,1685655157000,2,9
982,enqueue_song,1689933487000,3,13
983,leave_room,1711658844000,3,5
984,skip_song,1715795227000,1,4
985,skip_song,1691554282000,3,9
986,join_room,1700943935000,3,6
987,enqueue_song,1687914983000,2,11
988,skip_song,1686333623000,3,3
989,join_room,1703903087000,1,4
990,enqueue_song,1712439455000,2,11
991,join_room,1693195642000,2,18
992,join_room,1713459851000,2,11
993,join_room,1708833078000,3,13
994,enqueue_song,1691780534000,1,19
995,skip_song,1699076308000,1,8
996,skip_song,1694498435000,2,2
997,join_room,1709495940000,3,7
998,enqueue_song,1714159946000,2,10
999,leave_room,1684957327000,1,18
1000,skip_song,1686081005000,2,9
