user_id,username,password_hash
1,alice,5f4dcc3b5aa765d61d8327deb882cf99
2,bob,098f6bcd4621d373cade4e832627b4f6
3,charlie,e99a18c428cb38d5f260853678922e03
4,david,25d55ad283aa400af464c76d713c07ad
5,eve,fcea920f7412b5da7be0cf42b8c93759
6,frank,d8578edf8458ce06fbc5bb76a58c5ca4
7,grace,5d41402abc4b2a76b9719d911017c592
8,hannah,96e79218965eb72c92a549dd5a330112
9,ian,3e23e8160039594a33894f6564e1b134
10,jane,4297f44b13955235245b2497399d7a93
11,kevin,81dc9bdb52d04dc20036dbd8313ed055
12,linda,8e296a067a37563370ded05f5a3bf3ec
13,mike,e5296a067a37563370ded05f5a3bf3ec
14,Leo,scrypt:32768:8:1$K6p57cKWm5TrWGS2$41b0b60102e7d476d67807f2a3a75adf8cc56fd0e7fce5bea71b69e4cce59cf8fef129849ebfe89ee217fa16a7aca9f7b8a8195d226ee9f2dd47ecdd0674d6ef
15,Laura,scrypt:32768:8:1$yNtTOx035uDqSiph$84347697f387fc8409225e1e9249adb3a07aa1ccb7a4c5d0bbe56f4ae7f7ccafcf76c7b44bd69e2ce7bca1015f8ad67f706931737cb7e7cccb50f2f4a828e699
16,Michael,scrypt:32768:8:1$0u3IXqXD0CtyEdvO$752b9e553b14eb1aad1b1de7e1bdbc167d9e8e8cf96a904c71d20d3d21b84d2591964685454215a0d9a00fb4f0a99e6884c0f50e3d516117ccd04d47cb035f1e
17,Deepal,scrypt:32768:8:1$UQYxXqAMmHtWOphh$c3613734d60a9e45e239a3d3f77d33e5fb0f89dc1cbfd2b617543dee2da8a89a6b3790e89b8fc49403a74a46be25b1d2d3911f33533bf8d2b2ac7c6144fcb020
18,Yannick,scrypt:32768:8:1$UQYxXqAMmHtWOphh$c3613734d60a9e45e239a3d3f77d33e5fb0f89dc1cbfd2b617543dee2da8a89a6b3790e89b8fc49403a74a46be25b1d2d3911f33533bf8d2b2ac7c6144fcb020
19,Manuel,scrypt:32768:8:1$UQYxXqAMmHtWOphh$c3613734d60a9e45e239a3d3f77d33e5fb0f89dc1cbfd2b617543dee2da8a89a6b3790e89b8fc49403a74a46be25b1d2d3911f33533bf8d2b2ac7c6144fcb020
